{"cameraMode":{"drawMode":0,"name":"Shaded","section":"Shading Mode"},"sceneLighting":false,"audioPlay":false,"sceneViewState":{"showFog":true,"showMaterialUpdate":false,"showSkybox":false,"showFlares":true,"showImageEffects":true,"showParticleSystems":true},"in2DMode":false,"pivot":{"x":16.247488021850587,"y":-13.202545166015625,"z":9.135632514953614},"rotation":{"x":-0.3178131878376007,"y":-0.06904028356075287,"z":0.023214124143123628,"w":-0.9453670978546143},"size":13.644201278686524,"orthographic":false}